{"cameraMode":{"drawMode":0,"name":"Shaded","section":"Shading Mode"},"sceneLighting":true,"audioPlay":false,"sceneViewState":{"m_AlwaysRefresh":false,"showFog":true,"showSkybox":true,"showFlares":true,"showImageEffects":true,"showParticleSystems":true,"showVisualEffectGraphs":true,"m_FxEnabled":false},"in2DMode":false,"pivot":{"x":296.44873046875,"y":74.4301528930664,"z":277.4630432128906},"rotation":{"x":-0.053529828786849979,"y":0.12846210598945619,"z":0.0069259656593203548,"w":0.9902907013893127},"size":0.8660253882408142,"orthographic":false}